,names,prices,specifications
0,"vivo Y21T (Pearl White, 128 GB)",15499,4 GB RAM | 128 GB ROM | Expandable Upto 1 TB16.71 cm (6.58 inch) Full HD+ Display50MP + 2MP + 2MP | 8MP Front Camera5000 mAh Lithium BatteryQualcomm Snapdragon 680 Processor1 Year for Device & 6 Months for In-box Accessories
1,"vivo T1 Pro 5G (Turbo Black, 128 GB)",23999,6 GB RAM | 128 GB ROM16.36 cm (6.44 inch) Full HD+ AMOLED Display64MP + 8MP + 2MP | 16MP Front Camera4700 mAh Lithium BatteryQualcomm Snapdragon 778G 5G Mobile Platform Processor1 Year Handset and 6 Months Accessories
2,"vivo Y21A (Midnight Blue, 64 GB)",12989,4 GB RAM | 64 GB ROM | Expandable Upto 1 TB16.54 cm (6.51 inch) HD+ Display13MP + 2MP | 8MP + 8MP Dual Front Camera5000 mAh BatteryMediatek Helio P22 Processor1 Year for Handset and 6 Months for Inbox Accessories
3,"vivo T1 Pro 5G (Turbo Cyan, 128 GB)",24999,8 GB RAM | 128 GB ROM16.36 cm (6.44 inch) Full HD+ AMOLED Display64MP + 8MP + 2MP | 16MP Front Camera4700 mAh Lithium BatteryQualcomm Snapdragon 778G 5G Mobile Platform Processor1 Year Handset and 6 Months Accessories
4,"vivo T1 Pro 5G (Turbo Black, 128 GB)",24999,8 GB RAM | 128 GB ROM16.36 cm (6.44 inch) Full HD+ AMOLED Display64MP + 8MP + 2MP | 16MP Front Camera4700 mAh Lithium BatteryQualcomm Snapdragon 778G 5G Mobile Platform Processor1 Year Handset and 6 Months Accessories
5,"vivo T1 Pro 5G (Turbo Cyan, 128 GB)",23999,6 GB RAM | 128 GB ROM16.36 cm (6.44 inch) Full HD+ AMOLED Display64MP + 8MP + 2MP | 16MP Front Camera4700 mAh Lithium BatteryQualcomm Snapdragon 778G 5G Mobile Platform Processor1 Year Handset and 6 Months Accessories
6,"vivo Y21E (Diamond Glow, 64 GB)",12480,3 GB RAM | 64 GB ROM16.54 cm (6.51 inch) Display13MP Rear Camera5000 mAh Battery12 Months
7,"vivo Y15c (Mystic Blue, 32 GB)",9499,3 GB RAM | 32 GB ROM | Expandable Upto 1 TB16.54 cm (6.51 inch) HD+ Display13MP + 2MP | 8MP Front Camera5000 mAh Lithium BatteryMediatek Helio P35 Processor1 Year for Device & 6 Months for In-Box Accessories
8,"vivo Y33s (Mirror Black, 128 GB)",18990,8 GB RAM | 128 GB ROM | Expandable Upto 1 TB16.71 cm (6.58 inch) Full HD+ Display50MP + 2MP + 2MP | 16MP Front Camera5000 mAh Lithium BatteryMediaTek Helio G80 Processor1 Year for Handset and 6 Months for In-box Accessories
9,"vivo V23 Pro 5G (Sunshine Gold, 256 GB)",43990,12 GB RAM | 256 GB ROM16.66 cm (6.56 inch) Full HD+ Display108MP + 8MP + 2MP | 50MP + 8MP Dual Front Camera4300 mAh Lithium BatteryMediatek Dimensity 1200 Processor1 Year Manufacturer Warranty for Phone and 6 Months Warranty for In the Box Accessories
10,"vivo Y33s (Midday Dream, 128 GB)",18990,8 GB RAM | 128 GB ROM | Expandable Upto 1 TB16.71 cm (6.58 inch) Full HD+ Display50MP + 2MP + 2MP | 16MP Front Camera5000 mAh Lithium BatteryMediaTek Helio G80 Processor1 Year for Handset and 6 Months for In-box Accessories
11,"vivo Y20 (Obsidian Black, 64 GB)",16999,6 GB RAM | 64 GB ROM | Expandable Upto 256 GB16.54 cm (6.51 inch) HD+ Display13MP + 2MP + 2MP | 8MP Front Camera5000 mAh Lithium-ion BatteryQualcomm Snapdragon 460 Processor1 Year for Device and 6 Months for In-box Accessories
12,"vivo V23e 5G (Midnight Blue, 128 GB)",25990,8 GB RAM | 128 GB ROM | Expandable Upto 1 TB16.36 cm (6.44 inch) Full HD+ AMOLED Display50MP + 8MP + 2MP | 44MP Front Camera4050 mAh Lithium BatteryMediatek Dimensity 810 Processor1 Year Manufacturer Warranty for Phone and 6 Months Warranty for In the Box Accessories
13,"vivo Y20T (Obsidian Black, 64 GB)",15890,6 GB RAM | 64 GB ROM | Expandable Upto 1 TB16.54 cm (6.51 inch) HD+ Display13MP + 2MP + 2MP | 8MP Front Camera5000 mAh Lithium BatteryQualcomm Snapdragon 662 Processor1 Year for Handset and 6 Months for In-box Accessories
14,"vivo Y21E (Midnight Blue, 64 GB)",12499,3 GB RAM | 64 GB ROM16.54 cm (6.51 inch) Display13MP Rear Camera5000 mAh Battery12 months
15,"vivo V23 Pro 5G (Stardust Black, 128 GB)",38990,8 GB RAM | 128 GB ROM | Expandable Upto 12 GB16.66 cm (6.56 inch) Full HD+ Display108MP + 8MP + 2MP | 50MP + 8MP Dual Front Camera4300 mAh Lithium BatteryMediatek Dimensity 1200 Processor1 Year Manufacturer Warranty for Phone and 6 Months Warranty for In the Box Accessories
16,"vivo U10 (Electric Blue, 64 GB)",10999,3 GB RAM | 64 GB ROM | Expandable Upto 256 GB16.13 cm (6.35 inch) HD+ Display13MP + 8MP + 2MP | 8MP Front Camera5000 mAh Li-ion BatteryQualcomm Snapdragon 665 AIE Processor18 W Fast ChargingBrand Warranty of 1 Year Available for Mobile and 6 Months for Accessories
17,"vivo V23 Pro 5G (Stardust Black, 256 GB)",43990,12 GB RAM | 256 GB ROM16.66 cm (6.56 inch) Full HD+ Display108MP + 8MP + 2MP | 50MP + 8MP Dual Front Camera4300 mAh Lithium BatteryMediatek Dimensity 1200 Processor1 Year Manufacturer Warranty for Phone and 6 Months Warranty for In the Box Accessories
18,"vivo Y15 (Burgundy Red, 64 GB)",15499,4 GB RAM | 64 GB ROM | Expandable Upto 256 GB16.13 cm (6.35 inch) HD+ Display13MP + 2MP + 8MP | 16MP Front Camera5000 mAh BatteryMediaTek Helio P22 ProcessorBrand Warranty of 1 Year Available for Mobile and 6 Months for Accessories
19,"vivo V9 (Pearl Black, 64 GB)",23449,4 GB RAM | 64 GB ROM | Expandable Upto 256 GB16.0 cm (6.3 inch) Full HD+ Display16MP + 5MP | 24MP Front Camera3260 mAh Li-ion BatteryQualcomm Snapdragon 626 ProcessorBrand Warranty of 1 Year Available for Mobile and 6 Months for Accessories
20,"vivo Y21A (Diamond Glow, 64 GB)",12889,4 GB RAM | 64 GB ROM16.54 cm (6.51 inch) Display13MP Rear Camera5000 mAh Battery1 Year for Handset and 6 Months for Inbox Accessories
21,"Infinix HOT 12 Play (Horizon Blue, 64 GB)",8199,4 GB RAM | 64 GB ROM | Expandable Upto 256 GB17.32 cm (6.82 inch) HD+ Display13MP + Depth Lens | 8MP Front Camera6000 mAh Li-ion Polymer BatteryUnisoc T610 Processor1 Year on Handset And 6 Months on Accessories
22,"Infinix HOT 12 Play (Daylight Green, 64 GB)",8199,4 GB RAM | 64 GB ROM | Expandable Upto 256 GB17.32 cm (6.82 inch) HD+ Display13MP + Depth Lens | 8MP Front Camera6000 mAh Li-ion Polymer BatteryUnisoc T610 Processor1 Year on Handset And 6 Months on Accessories
23,"Infinix HOT 12 Play (Racing Black, 64 GB)",8199,4 GB RAM | 64 GB ROM | Expandable Upto 256 GB17.32 cm (6.82 inch) HD+ Display13MP + Depth Lens | 8MP Front Camera6000 mAh Li-ion Polymer BatteryUnisoc T610 Processor1 Year on Handset And 6 Months on Accessories
24,"realme C31 (Dark Green, 64 GB)",9499,4 GB RAM | 64 GB ROM | Expandable Upto 1 TB16.56 cm (6.52 inch) HD Display13MP + 2MP + 0.3MP | 5MP Front Camera5000 mAh BatteryUnisoc T612 Processor1 Year Warranty for Phone and 6 Months Warranty for In-Box Accessories
25,"realme C31 (Light Silver, 64 GB)",9499,4 GB RAM | 64 GB ROM | Expandable Upto 1 TB16.56 cm (6.52 inch) HD Display13MP + 2MP + 0.3MP | 5MP Front Camera5000 mAh BatteryUnisoc T612 Processor1 Year Warranty for Phone and 6 Months Warranty for In-Box Accessories
26,"MOTOROLA G60 (Moonless, 128 GB)",14999,6 GB RAM | 128 GB ROM17.22 cm (6.78 inch) Full HD+ Display108MP + 8MP + 2MP | 32MP Front Camera6000 mAh BatteryQualcomm Snapdragon 732G Processor120Hz Refresh RateStock Android Experience1 Year on Handset and 6 Months on Accessories
27,"realme 9i (Prism Blue, 128 GB)",12999,4 GB RAM | 128 GB ROM | Expandable Upto 1 TB16.76 cm (6.6 inch) Full HD+ Display50MP + 2MP + 2MP | 16MP Front Camera5000 mAh Lithium ion BatteryQualcomm Snapdragon 680 (SM6225) Processor1 Year Manufacturer Warranty for Phone and 6 Months Warranty for in the Box Accessories
28,"Infinix Smart 6 (Polar Black, 64 GB)",6499,2 GB RAM | 64 GB ROM | Expandable Upto 512 GB16.76 cm (6.6 inch) HD+ Display8 MP + Depth Lens | 5MP Front Camera5000 mAh Li-ion Polymer BatteryMediatek Helio A22 Processor1 Year on Handset and 6 Months on Accessories
29,"SAMSUNG Galaxy F23 5G (Forest Green, 128 GB)",13499,6 GB RAM | 128 GB ROM | Expandable Upto 1 TB16.76 cm (6.6 inch) Full HD+ Display50MP + 8MP + 2MP | 8MP Front Camera5000 mAh Lithium Ion BatteryQualcomm Snapdragon 750G Processor1 Year Warranty Provided by the Manufacturer from Date of Purchase
30,"realme C30 (Denim Black, 32 GB)",6799,2 GB RAM | 32 GB ROM | Expandable Upto 1 TB16.51 cm (6.5 inch) HD+ Display8MP Rear Camera | 5MP Front Camera5000 mAh Lithium Ion BatteryUnisoc T612 Processor1 Year Manufacturer Warranty for Phone and 6 Months Warranty for In-Box Accessories
31,"realme C30 (Lake Blue, 32 GB)",6799,2 GB RAM | 32 GB ROM | Expandable Upto 1 TB16.51 cm (6.5 inch) HD+ Display8MP Rear Camera | 5MP Front Camera5000 mAh Lithium Ion BatteryUnisoc T612 Processor1 Year Manufacturer Warranty for Phone and 6 Months Warranty for In-Box Accessories
32,"realme C30 (Bamboo Green, 32 GB)",6799,2 GB RAM | 32 GB ROM | Expandable Upto 1 TB16.51 cm (6.5 inch) HD+ Display8MP Rear Camera | 5MP Front Camera5000 mAh Lithium Ion BatteryUnisoc T612 Processor1 Year Manufacturer Warranty for Phone and 6 Months Warranty for In-Box Accessories
33,"MOTOROLA e40 (Carbon Gray, 64 GB)",8999,4 GB RAM | 64 GB ROM | Expandable Upto 1 TB16.51 cm (6.5 inch) HD+ Display48MP + 2MP + 2MP | 8MP Front Camera5000 mAh BatteryUNISOC T700 Processor1 Year on Handset and 6 Months on Accessories
34,"Infinix Hot 12 Pro (Lightsaber Green, 64 GB)",9499,6 GB RAM | 64 GB ROM | Expandable Upto 256 GB16.76 cm (6.6 inch) HD+ Display50 MP + Depth Lens | 8MP Front Camera5000 mAh Lithium-ion Polymer BatteryUnisoc T616 Processor1 Year on Handset and 6 Months on Accessories
35,"realme 9i (Prism Black, 128 GB)",12999,4 GB RAM | 128 GB ROM | Expandable Upto 1 TB16.76 cm (6.6 inch) Full HD+ Display50MP + 2MP + 2MP | 16MP Front Camera5000 mAh Lithium ion BatteryQualcomm Snapdragon 680 (SM6225) Processor1 Year Manufacturer Warranty for Phone and 6 Months Warranty for in the Box Accessories
36,"POCO X4 Pro 5G (Laser Black, 128 GB)",16499,"6 GB RAM | 128 GB ROM | Expandable Upto 1 TB16.94 cm (6.67 inch) Full HD+ Super AMOLED Display64MP + 8MP + 2MP | 16MP Front Camera5000 mAh Lithium-ion Polymer BatteryQualcomm Snapdragon 695 5G ProcessorOne Year for Handset, 6 Months for Accessories"
37,"OPPO K10 (Black Carbon, 128 GB)",15490,8 GB RAM | 128 GB ROM | Expandable Upto 1 TB16.74 cm (6.59 inch) Full HD+ Display50MP + 2MP + 2MP | 16MP Front Camera5000 mAh Lithium Ion BatteryQualcomm Snapdragon 680 Processor33W SUPERVOOC Charger | Dual Speaker | Super Adaptive Refresh RateAI Photo Suite | OPPO Glow Design with Dirt and Scratch Resistant1 Year Manufacturer Warranty for Phone and 6 Months Warranty for In-Box Accessories
38,"POCO X4 Pro 5G (Laser Blue, 128 GB)",16499,"6 GB RAM | 128 GB ROM | Expandable Upto 1 TB16.94 cm (6.67 inch) Full HD+ Super AMOLED Display64MP + 8MP + 2MP | 16MP Front Camera5000 mAh Lithium-ion Polymer BatteryQualcomm Snapdragon 695 5G ProcessorOne Year for Handset, 6 Months for Accessories"
39,"realme 9 Pro 5G (Aurora Green, 128 GB)",16999,6 GB RAM | 128 GB ROM | Expandable Upto 256 GB16.76 cm (6.6 inch) Full HD+ Display64MP + 8MP + 2MP | 16MP Front Camera5000 mAh Li-ion BatteryQualcomm Snapdragon 695 Processor1 Year Warranty for Phone and 6 Months Warranty for In-Box Accessories
40,"realme 9 5G (Supersonic Black, 64 GB)",15999,4 GB RAM | 64 GB ROM | Expandable Upto 1 TB16.51 cm (6.5 inch) Full HD+ Display48MP + 2MP + 2MP | 16MP Front Camera5000 mAh Lithium Polymer BatteryMediatek Dimensity 810 Processor1 Year Warranty for Phone and 6 Months Warranty for In-Box Accessories
41,"realme 9 5G (Stargaze White, 64 GB)",15999,4 GB RAM | 64 GB ROM | Expandable Upto 1 TB16.51 cm (6.5 inch) Full HD+ Display48MP + 2MP + 2MP | 16MP Front Camera5000 mAh Lithium Polymer BatteryMediatek Dimensity 810 Processor1 Year Warranty for Phone and 6 Months Warranty for In-Box Accessories
42,"realme 9 5G (Meteor Black, 64 GB)",15999,4 GB RAM | 64 GB ROM | Expandable Upto 1 TB16.51 cm (6.5 inch) Full HD+ Display48MP + 2MP + 2MP | 16MP Front Camera5000 mAh Lithium Polymer BatteryMediatek Dimensity 810 Processor1 Year Warranty for Phone and 6 Months Warranty for In-Box Accessories
43,"realme 9 5G (Supersonic Blue, 64 GB)",15999,4 GB RAM | 64 GB ROM | Expandable Upto 1 TB16.51 cm (6.5 inch) Full HD+ Display48MP + 2MP + 2MP | 16MP Front Camera5000 mAh Lithium Polymer BatteryMediatek Dimensity 810 Processor1 Year Warranty for Phone and 6 Months Warranty for In-Box Accessories
44,Nokia 105 SS,1299,32 MB RAM | 32 MB ROM4.5 cm (1.77 inch) QVGA Display0MP Front Camera800 mAh Lithium Ion BatterySC6531E Processor1 Year Manufacturer Warranty for Device and 6 Months Manufacturer Warranty for In-box Accessories Including Battery from the Date of Purchase
45,"SAMSUNG Galaxy A12 (Blue, 128 GB)",13499,6 GB RAM | 128 GB ROM | Expandable Upto 1 TB16.51 cm (6.5 inch) HD+ Display48MP + 5MP + 2MP + 2MP | 8MP Front Camera5000 mAh BatteryExynos 850 (S5E3830) Processor1 Year Warranty Provided by the Manufacturer From Date of Purchase
46,"SAMSUNG Galaxy F23 5G (Copper Blush, 128 GB)",13499,6 GB RAM | 128 GB ROM | Expandable Upto 1 TB16.76 cm (6.6 inch) Full HD+ Display50MP + 8MP + 2MP | 8MP Front Camera5000 mAh Lithium Ion BatteryQualcomm Snapdragon 750G Processor1 Year Warranty Provided by the Manufacturer from Date of Purchase
47,"SAMSUNG Galaxy F23 5G (Aqua Blue, 128 GB)",13499,6 GB RAM | 128 GB ROM | Expandable Upto 1 TB16.76 cm (6.6 inch) Full HD+ Display50MP + 8MP + 2MP | 8MP Front Camera5000 mAh Lithium Ion BatteryQualcomm Snapdragon 750G Processor1 Year Warranty Provided by the Manufacturer from Date of Purchase
48,"realme 9 (Meteor Black, 128 GB)",17999,8 GB RAM | 128 GB ROM | Expandable Upto 256 GB16.26 cm (6.4 inch) Full HD+ AMOLED Display108MP + 8MP + 2MP | 16MP Front Camera5000 mAh Lithium Ion BatteryQualcomm Snapdragon 680 Processor1 Year Manufacturer Warranty for Phone and 6 Months Warranty for In-Box Accessories
49,"realme 9 (Stargaze White, 128 GB)",14499,6 GB RAM | 128 GB ROM | Expandable Upto 256 GB16.26 cm (6.4 inch) Full HD+ AMOLED Display108MP + 8MP + 2MP | 16MP Front Camera5000 mAh Lithium Ion BatteryQualcomm Snapdragon 680 Processor1 Year Manufacturer Warranty for Phone and 6 Months Warranty for In-Box Accessories
50,"realme 9 (Stargaze White, 128 GB)",17999,8 GB RAM | 128 GB ROM | Expandable Upto 256 GB16.26 cm (6.4 inch) Full HD+ AMOLED Display108MP + 8MP + 2MP | 16MP Front Camera5000 mAh Lithium Ion BatteryQualcomm Snapdragon 680 Processor1 Year Manufacturer Warranty for Phone and 6 Months Warranty for In-Box Accessories
51,"realme 9 (Meteor Black, 128 GB)",14499,6 GB RAM | 128 GB ROM | Expandable Upto 256 GB16.26 cm (6.4 inch) Full HD+ AMOLED Display108MP + 8MP + 2MP | 16MP Front Camera5000 mAh Lithium Ion BatteryQualcomm Snapdragon 680 Processor1 Year Manufacturer Warranty for Phone and 6 Months Warranty for In-Box Accessories
52,"SAMSUNG Galaxy F23 5G (Aqua Blue, 128 GB)",13499,6 GB RAM | 128 GB ROM | Expandable Upto 1 TB16.76 cm (6.6 inch) Full HD+ Display50MP + 8MP + 2MP | 8MP Front Camera5000 mAh Lithium Ion BatteryQualcomm Snapdragon 750G Processor1 Year Warranty Provided by the Manufacturer from Date of Purchase
53,"Infinix Note 12 (Force Black, 64 GB)",9999,4 GB RAM | 64 GB ROM | Expandable Upto 512 GB17.02 cm (6.7 inch) Full HD+ AMOLED Display50MP + 2MP Depth + AI Lens | 16MP Front Camera5000 mAh Li-ion Polymer BatteryMediaTek Helio G88 Processor1 Year on Handset and 6 Months on Accessories
54,"realme 9 5G (Meteor Black, 128 GB)",15999,6 GB RAM | 128 GB ROM | Expandable Upto 1 TB16.51 cm (6.5 inch) Full HD+ Display48MP + 2MP + 2MP | 16MP Front Camera5000 mAh Lithium Polymer BatteryMediatek Dimensity 810 Processor1 Year Warranty for Phone and 6 Months Warranty for In-Box Accessories
55,"realme 9 5G (Stargaze White, 128 GB)",15999,6 GB RAM | 128 GB ROM | Expandable Upto 1 TB16.51 cm (6.5 inch) Full HD+ Display48MP + 2MP + 2MP | 16MP Front Camera5000 mAh Lithium Polymer BatteryMediatek Dimensity 810 Processor1 Year Warranty for Phone and 6 Months Warranty for In-Box Accessories
56,"REDMI 9i Sport (Metallic Blue, 64 GB)",7999,4 GB RAM | 64 GB ROM | Expandable Upto 512 GB16.59 cm (6.53 inch) HD+ Display13MP Rear Camera | 5MP Front Camera5000 mAh Li-Polymer BatteryMediaTek Helio G25 ProcessorBrand Warranty of 1 Year Available for Mobile and 6 Months for Accessories
57,"realme 9 Pro 5G (Sunrise Blue, 128 GB)",18999,8 GB RAM | 128 GB ROM | Expandable Upto 256 GB16.76 cm (6.6 inch) Full HD+ Display64MP + 8MP + 2MP | 16MP Front Camera5000 mAh Li-ion BatteryQualcomm Snapdragon 695 Processor1 Year Warranty for Phone and 6 Months Warranty for In-Box Accessories
58,"Infinix Smart 6 Plus (Crystal Violet, 64 GB)",7499,3 GB RAM | 64 GB ROM | Expandable Upto 512 GB17.32 cm (6.82 inch) HD+ Display8 MP + Depth Lens | 5MP Front Camera5000 mAh Lithium-ion Polymer BatteryMediatek Helio G25 Processor1 Year on Handset and 6 Months on Accessories
59,"realme Narzo 50A (Oxygen Blue, 64 GB)",11499,4 GB RAM | 64 GB ROM | Expandable Upto 256 GB16.51 cm (6.5 inch) HD+ Display50MP + 2MP + 2MP | 8MP Front Camera6000 mAh BatteryMediaTek Helio G85 Processor1 Year Warranty for Mobile and 6 Months for Accessories
60,"realme Narzo 50A (Oxygen Green, 64 GB)",11499,4 GB RAM | 64 GB ROM | Expandable Upto 256 GB16.51 cm (6.5 inch) HD+ Display50MP + 2MP + 2MP | 8MP Front Camera6000 mAh BatteryMediaTek Helio G85 Processor1 Year Warranty for Mobile and 6 Months for Accessories
61,"realme Narzo 50A (Oxygen Blue, 128 GB)",12499,4 GB RAM | 128 GB ROM | Expandable Upto 256 GB16.51 cm (6.5 inch) HD+ Display50MP + 2MP + 2MP | 8MP Front Camera6000 mAh BatteryMediaTek Helio G85 Processor1 Year Warranty for Mobile and 6 Months for Accessories
62,"SAMSUNG Galaxy F22 (Denim Blue, 64 GB)",11999,4 GB RAM | 64 GB ROM | Expandable Upto 1 TB16.26 cm (6.4 inch) HD+ Display48MP + 8MP + 2MP + 2MP | 13MP Front Camera6000 mAh Lithium-ion BatteryMediaTek Helio G80 Processor1 Year Warranty Provided by the Manufacturer from Date of Purchase
63,"realme 9 5G (Supersonic Black, 128 GB)",15999,6 GB RAM | 128 GB ROM | Expandable Upto 1 TB16.51 cm (6.5 inch) Full HD+ Display48MP + 2MP + 2MP | 16MP Front Camera5000 mAh Lithium Polymer BatteryMediatek Dimensity 810 Processor1 Year Warranty for Phone and 6 Months Warranty for In-Box Accessories
64,"POCO M5 (Power Black, 64 GB)",12499,"4 GB RAM | 64 GB ROM | Expandable Upto 512 GB16.71 cm (6.58 inch) Full HD+ Display50MP + 2MP Depth Sensor + 2MP Macro Sensor | 8MP Front Camera5000 mAh Lithium-ion Polymer BatteryMediatek Helio G99 Processor1 Year for Handset, 6 Months for Accessories"
65,"MOTOROLA g31 (Baby Blue, 64 GB)",10499,4 GB RAM | 64 GB ROM | Expandable Upto 1 TB16.26 cm (6.4 Inch) Full HD+ Display50MP + 8MP + 2MP | 13MP Front Camera5000 mAh LiPo BatteryMediatek Helio G85 Processor1 Year on Handset and 6 Months on Accessories
66,"MOTOROLA e40 (Pink Clay, 64 GB)",8999,4 GB RAM | 64 GB ROM | Expandable Upto 1 TB16.51 cm (6.5 inch) HD+ Display48MP + 2MP + 2MP | 8MP Front Camera5000 mAh BatteryUNISOC T700 Processor1 Year on Handset and 6 Months on Accessories
67,"Realme C30 - Locked with Airtel Prepaid (Bamboo Green, 32 GB)",6199,2 GB RAM | 32 GB ROM | Expandable Upto 1 TB16.51 cm (6.5 inch) HD+ Display8MP Rear Camera | 5MP Front Camera5000 mAh Lithium Ion BatteryUnisoc T612 Processor1 Year Manufacturer Warranty for Phone and 6 Months Warranty for In-Box Accessories
68,"MOTOROLA g31 (Meteorite Grey, 64 GB)",10499,4 GB RAM | 64 GB ROM | Expandable Upto 1 TB16.26 cm (6.4 inch) Full HD+ Display50MP + 8MP + 2MP | 13MP Front Camera5000 mAh LiPo BatteryMediatek Helio G85 Processor1 Year on Handset and 6 Months on Accessories
69,"Infinix Note 12 (Jewel Blue, 128 GB)",11499,6 GB RAM | 128 GB ROM | Expandable Upto 512 GB17.02 cm (6.7 inch) Full HD+ AMOLED Display50MP + 2MP Depth + AI Lens | 16MP Front Camera5000 mAh Li-ion Polymer BatteryMediaTek Helio G88 Processor1 Year on Handset and 6 Months on Accessories
70,"Infinix Note 12 (Force Black, 128 GB)",11499,6 GB RAM | 128 GB ROM | Expandable Upto 512 GB17.02 cm (6.7 inch) Full HD+ AMOLED Display50MP + 2MP Depth + AI Lens | 16MP Front Camera5000 mAh Li-ion Polymer BatteryMediaTek Helio G88 Processor1 Year on Handset and 6 Months on Accessories
71,"MOTOROLA G51 5G (Indigo Blue, 64 GB)",12249,4 GB RAM | 64 GB ROM | Expandable Upto 1 TB17.27 cm (6.8 inch) Full HD+ Display50MP + 8MP + 2MP | 13MP Front Camera5000 mAh Lithium Polymer BatteryQualcomm Snapdragon 480 Pro Processor1 Year on Handset and 6 Months on Accessories
72,"Infinix Note 12 (Force Black, 128 GB)",11499,6 GB RAM | 128 GB ROM | Expandable Upto 512 GB17.02 cm (6.7 inch) Full HD+ AMOLED Display50MP + 2MP Depth + AI Lens | 16MP Front Camera5000 mAh Li-ion Polymer BatteryMediaTek Helio G88 Processor1 Year on Handset and 6 Months on Accessories
73,"MOTOROLA G51 5G (Indigo Blue, 64 GB)",12249,4 GB RAM | 64 GB ROM | Expandable Upto 1 TB17.27 cm (6.8 inch) Full HD+ Display50MP + 8MP + 2MP | 13MP Front Camera5000 mAh Lithium Polymer BatteryQualcomm Snapdragon 480 Pro Processor1 Year on Handset and 6 Months on Accessories
74,"MOTOROLA G40 Fusion (Dynamic Gray, 128 GB)",13499,6 GB RAM | 128 GB ROM17.22 cm (6.78 inch) Full HD+ Display64MP + 8MP + 2MP | 16MP Front Camera6000 mAh BatteryQualcomm Snapdragon 732G Processor120Hz Refresh RateStock Android Experience1 Year on Handset and 6 Months on Accessories
75,"MOTOROLA g31 (Meteorite Grey, 128 GB)",11999,6 GB RAM | 128 GB ROM | Expandable Upto 1 TB16.26 cm (6.4 inch) Full HD+ Display50MP + 8MP + 2MP | 13MP Front Camera5000 mAh LiPo BatteryMediatek Helio G85 Processor1 Year on Handset and 6 Months on Accessories
76,"POCO X4 Pro 5G (Yellow, 128 GB)",16499,"6 GB RAM | 128 GB ROM | Expandable Upto 1 TB16.94 cm (6.67 inch) Full HD+ Super AMOLED Display64MP + 8MP + 2MP | 16MP Front Camera5000 mAh Lithium-ion Polymer BatteryQualcomm Snapdragon 695 5G ProcessorOne Year for Handset, 6 Months for Accessories"
77,"vivo T1 5G (Rainbow Fantasy, 128 GB)",15990,4 GB RAM | 128 GB ROM | Expandable Upto 1 TB16.71 cm (6.58 inch) Full HD+ Display50MP + 2MP + 2MP | 16MP Front Camera5000 mAh Lithium BatteryTurbo Processor Snapdragon 695 Processor1 Year Handset and 6 Months Accessories
78,"vivo T1 5G (Rainbow Fantasy, 128 GB)",16990,6 GB RAM | 128 GB ROM | Expandable Upto 1 TB16.71 cm (6.58 inch) Full HD+ Display50MP + 2MP + 2MP | 16MP Front Camera5000 mAh Lithium BatteryQualcomm Snapdragon 695 Processor1 Year Handset and 6 Months Accessories
79,Micromax X380,799,32 MB RAM | 32 MB ROM4.5 cm (1.77 inch) Display0.3MP Rear Camera2500 mAh Battery12 Month Warranty
80,"Moto G71 5G (Arctic Blue, 128 GB)",15999,6 GB RAM | 128 GB ROM16.26 cm (6.4 inch) Full HD+ AMOLED Display50MP + 8MP + 2MP | 16MP Front Camera5000 mAh Lithium-ion Polymer BatteryQualcomm Snapdragon 695 Processor1 Year on Handset and 6 Months on Accessories
81,"realme Narzo 50i (Carbon Black, 32 GB)",7499,2 GB RAM | 32 GB ROM | Expandable Upto 256 GB16.51 cm (6.5 inch) Display8MP Rear Camera | 5MP Front Camera5000 mAh BatterySC9863A Processor1 Year Warranty for Mobile and 6 Months for Accessories
82,"realme Narzo 50i (Mint Green, 32 GB)",7499,2 GB RAM | 32 GB ROM | Expandable Upto 256 GB16.51 cm (6.5 inch) Display8MP Rear Camera | 5MP Front Camera5000 mAh BatterySC9863A Processor1 Year Warranty for Mobile and 6 Months for Accessories
83,Micromax X749,999,32 MB RAM | 32 MB ROM6.1 cm (2.4 inch) Display0.3MP Rear Camera1750 mAh Battery1 Year Product and 6 Month Accessories
84,"realme 9 Pro 5G (Midnight Black, 128 GB)",16999,6 GB RAM | 128 GB ROM | Expandable Upto 256 GB16.76 cm (6.6 inch) Full HD+ Display64MP + 8MP + 2MP | 16MP Front Camera5000 mAh Li-ion BatteryQualcomm Snapdragon 695 Processor1 Year Warranty for Phone and 6 Months Warranty for In-Box Accessories
85,"realme 9 Pro 5G (Sunrise Blue, 128 GB)",16999,6 GB RAM | 128 GB ROM | Expandable Upto 256 GB16.76 cm (6.6 inch) Full HD+ Display64MP + 8MP + 2MP | 16MP Front Camera5000 mAh Li-ion BatteryQualcomm Snapdragon 695 Processor1 Year Warranty for Phone and 6 Months Warranty for In-Box Accessories
86,Micromax X746,999,32 MB RAM | 32 MB ROM6.1 cm (2.4 inch) Display0.3MP Rear Camera3000 mAh Battery1 Year Warranty
87,"OPPO F19s (Glowing Gold, 128 GB)",19990,6 GB RAM | 128 GB ROM | Expandable Upto 256 GB16.33 cm (6.43 inch) Full HD+ Display48MP + 2MP + 2MP | 16MP Front Camera5000 mAh BatteryQualcomm Snapdragon 662 ProcessorBrand Warranty of 1 Year Available for Mobile Including Battery and 6 Months for Accessories
88,"realme C30 (Denim Black, 32 GB)",7999,3 GB RAM | 32 GB ROM | Expandable Upto 1 TB16.51 cm (6.5 inch) HD+ Display8MP Rear Camera | 5MP Front Camera5000 mAh Lithium Ion BatteryUnisoc T612 Processor1 Year Manufacturer Warranty for Phone and 6 Months Warranty for In-Box Accessories
89,"vivo T1X (Space Blue, 64 GB)",11999,4 GB RAM | 64 GB ROM16.71 cm (6.58 inch) Full HD+ Display50MP + 2MP | 8MP Front Camera5000 mAh BatteryQualcomm Snapdragon 680 Processor1 Year on Handset and 6 Months on Accessories
90,"POCO M4 Pro 5G (Cool Blue, 128 GB)",14999,"6 GB RAM | 128 GB ROM | Expandable Upto 1 TB16.76 cm (6.6 inch) Full HD+ Display50MP + 8MP | 16MP Front Camera5000 mAh Lithium-ion Polymer BatteryMediatek Dimensity 810 ProcessorOne Year for Handset, 6 Months for Accessories"
91,"MOTOROLA G60 (Soft Silver, 128 GB)",14999,6 GB RAM | 128 GB ROM17.22 cm (6.78 inch) Full HD+ Display108MP + 8MP + 2MP | 32MP Front Camera6000 mAh BatteryQualcomm Snapdragon 732G Processor120Hz Refresh RateStock Android Experience1 Year on Handset and 6 Months on Accessories
92,"Infinix Smart 6 Plus (Tranquil Sea Blue, 64 GB)",7499,3 GB RAM | 64 GB ROM | Expandable Upto 512 GB17.32 cm (6.82 inch) HD+ Display8 MP + Depth Lens | 5MP Front Camera5000 mAh Lithium-ion Polymer BatteryMediatek Helio G25 Processor1 Year on Handset and 6 Months on Accessories
93,LAVA A1 Josh 2021,1055,0 MB ROM | Expandable Upto 32 GB4.5 cm (1.77 inch) Quarter QVGA Display800 mAh Li-ion Battery1 Year Manufacturer Replacement Guarantee for Phone and 6 months Replacement for Accessories in the Box
94,"OPPO F19 (Midnight Blue, 128 GB)",14490,6 GB RAM | 128 GB ROM | Expandable Upto 256 GB16.33 cm (6.43 inch) Full HD+ Display48MP + 2MP + 2MP | 16MP Front Camera5000 mAh BatteryQualcomm Snapdragon 662 ProcessorBrand Warranty of 1 Year Available for Mobile Including Battery and 6 Months for Accessories
95,"OPPO F19 (Prism Black, 128 GB)",14490,6 GB RAM | 128 GB ROM | Expandable Upto 256 GB16.33 cm (6.43 inch) Full HD+ Display48MP + 2MP + 2MP | 16MP Front Camera5000 mAh BatteryQualcomm Snapdragon 662 ProcessorBrand Warranty of 1 Year Available for Mobile Including Battery and 6 Months for Accessories
96,"OPPO F19 (Prism Black, 128 GB)",14490,6 GB RAM | 128 GB ROM | Expandable Upto 256 GB16.33 cm (6.43 inch) Full HD+ Display48MP + 2MP + 2MP | 16MP Front Camera5000 mAh BatteryQualcomm Snapdragon 662 ProcessorBrand Warranty of 1 Year Available for Mobile Including Battery and 6 Months for Accessories
97,"OPPO F19 (Midnight Blue, 128 GB)",14490,6 GB RAM | 128 GB ROM | Expandable Upto 256 GB16.33 cm (6.43 inch) Full HD+ Display48MP + 2MP + 2MP | 16MP Front Camera5000 mAh BatteryQualcomm Snapdragon 662 ProcessorBrand Warranty of 1 Year Available for Mobile Including Battery and 6 Months for Accessories
98,"REDMI Note 10 Pro Max (Dark Night, 128 GB)",17999,6 GB RAM | 128 GB ROM | Expandable Upto 512 GB16.94 cm (6.67 inch) Full HD+ Display108MP Rear Camera | 16MP Front Camera5020 mAh BatteryQualcomm Snapdragon 732G Processor1 Year Manufacturer Warranty for Phone and 6 Months Warranty for In the Box Accessories
99,"vivo T1 44W (Midnight Galaxy, 128 GB)",14499,4 GB RAM | 128 GB ROM | Expandable Upto 1 TB16.36 cm (6.44 inch) Full HD+ AMOLED Display50MP + 2MP + 2MP | 16MP Front Camera5000 mAh Lithium BatteryQualcomm Snapdragon 680 Processor1 Year Handset and 6 Months Accessories
100,"vivo T1 44W (Ice Dawn, 128 GB)",15999,6 GB RAM | 128 GB ROM | Expandable Upto 1 TB16.36 cm (6.44 inch) Full HD+ AMOLED Display50MP + 2MP + 2MP | 16MP Front Camera5000 mAh Lithium BatteryQualcomm Snapdragon 680 Processor1 Year Handset and 6 Months Accessories
101,"vivo T1 44W (Starry Sky, 128 GB)",15999,6 GB RAM | 128 GB ROM | Expandable Upto 1 TB16.36 cm (6.44 inch) Full HD+ AMOLED Display50MP + 2MP + 2MP | 16MP Front Camera5000 mAh Lithium BatteryQualcomm Snapdragon 680 Processor1 Year Handset and 6 Months Accessories
102,"Moto G71 5G (Neptune Green, 128 GB)",15999,6 GB RAM | 128 GB ROM16.26 cm (6.4 inch) Full HD+ AMOLED Display50MP + 8MP + 2MP | 16MP Front Camera5000 mAh Lithium-ion Polymer BatteryQualcomm Snapdragon 695 Processor1 Year on Handset and 6 Months on Accessories
103,"SAMSUNG Galaxy F22 (Denim Black, 64 GB)",11999,4 GB RAM | 64 GB ROM | Expandable Upto 1 TB16.26 cm (6.4 inch) HD+ Display48MP + 8MP + 2MP + 2MP | 13MP Front Camera6000 mAh Lithium-ion BatteryMediaTek Helio G80 Processor1 Year Warranty Provided by the Manufacturer from Date of Purchase
104,"MOTOROLA G40 Fusion (Frosted Champagne, 128 GB)",13499,6 GB RAM | 128 GB ROM17.22 cm (6.78 inch) Full HD+ Display64MP + 8MP + 2MP | 16MP Front Camera6000 mAh BatteryQualcomm Snapdragon 732G Processor120Hz Refresh RateStock Android Experience1 Year on Handset and 6 Months on Accessories
105,"POCO X4 Pro 5G (Laser Blue, 128 GB)",18499,"8 GB RAM | 128 GB ROM | Expandable Upto 1 TB16.94 cm (6.67 inch) Full HD+ Super AMOLED Display64MP + 8MP + 2MP | 16MP Front Camera5000 mAh Lithium-ion Polymer BatteryQualcomm Snapdragon 695 5G ProcessorOne Year for Handset, 6 Months for Accessories"
106,"REDMI Note 10 Pro Max (Dark Nebula, 128 GB)",17999,6 GB RAM | 128 GB ROM | Expandable Upto 512 GB16.94 cm (6.67 inch) Full HD+ Display108MP Rear Camera | 16MP Front Camera5020 mAh BatteryQualcomm Snapdragon 732G Processor1 Year Manufacturer Warranty for Phone and 6 Months Warranty for In the Box Accessories
107,LAVA A3,1212,4 MB RAM | 3 MB ROM | Expandable Upto 32 GB4.5 cm (1.77 inch) Display0.3MP Rear Camera1750 mAh Battery1 year manufacturer Replacement for device and 6 months manufacturer warranty for in-box accessories including batteries from the date of purchase
108,"realme 9 Pro+ 5G (Aurora Green, 128 GB)",24999,8 GB RAM | 128 GB ROM16.26 cm (6.4 inch) Full HD+ AMOLED Display50MP + 8MP + 2MP | 16MP Front Camera4500 mAh Li-ion BatteryMediatek Dimensity 920 Processor1 Year Warranty for Phone and 6 Months Warranty for In-Box Accessories
109,"realme 9 Pro+ 5G (Midnight Black, 128 GB)",22999,6 GB RAM | 128 GB ROM16.26 cm (6.4 inch) Full HD+ AMOLED Display50MP + 8MP + 2MP | 16MP Front Camera4500 mAh Li-ion BatteryMediatek Dimensity 920 Processor1 Year Warranty for Phone and 6 Months Warranty for In-Box Accessories
110,"realme 9 Pro+ 5G (Aurora Green, 128 GB)",22999,6 GB RAM | 128 GB ROM16.26 cm (6.4 inch) Full HD+ AMOLED Display50MP + 8MP + 2MP | 16MP Front Camera4500 mAh Li-ion BatteryMediatek Dimensity 920 Processor1 Year Warranty for Phone and 6 Months Warranty for In-Box Accessories
111,"MOTOROLA g31 (Baby Blue, 128 GB)",11999,6 GB RAM | 128 GB ROM | Expandable Upto 1 TB16.26 cm (6.4 inch) Full HD+ Display50MP + 8MP + 2MP | 13MP Front Camera5000 mAh LiPo BatteryMediatek Helio G85 Processor1 Year on Handset and 6 Months on Accessories
112,"POCO M5 (Icy Blue, 128 GB)",14499,"6 GB RAM | 128 GB ROM | Expandable Upto 512 GB16.71 cm (6.58 inch) Full HD+ Display50MP + 2MP Depth Sensor + 2MP Macro Sensor | 8MP Front Camera5000 mAh Lithium-ion Polymer BatteryMediatek Helio G99 Processor1 Year for Handset, 6 Months for Accessories"
113,"vivo T1X (Gravity Black, 64 GB)",11999,4 GB RAM | 64 GB ROM16.71 cm (6.58 inch) Full HD+ Display50MP + 2MP | 8MP Front Camera5000 mAh BatteryQualcomm Snapdragon 680 Processor1 Year on Handset and 6 Months on Accessories
114,"vivo Y53s (Deep Sea Blue, 128 GB)",15490,8 GB RAM | 128 GB ROM | Expandable Upto 1 TB16.71 cm (6.58 inch) Full HD+ Display64MP + 2MP + 2MP | 16MP Front Camera5000 mAh BatteryMediaTek Helio G80 Processor1 Year Warranty for Handset and 6 Months for In-box Accessories
115,"vivo Y53s (Fantastic Rainbow, 128 GB)",15490,8 GB RAM | 128 GB ROM | Expandable Upto 1 TB16.71 cm (6.58 inch) Full HD+ Display64MP + 2MP + 2MP | 16MP Front Camera5000 mAh BatteryMediaTek Helio G80 Processor1 Year Warranty for Handset and 6 Months for In-box Accessories
116,"POCO M4 Pro 5G (Power Black, 128 GB)",14999,"6 GB RAM | 128 GB ROM | Expandable Upto 1 TB16.76 cm (6.6 inch) Full HD+ Display50MP + 8MP | 16MP Front Camera5000 mAh Lithium-ion Polymer BatteryMediatek Dimensity 810 ProcessorOne Year for Handset, 6 Months for Accessories"
117,"Infinix Hot 12 (Exploratory Blue, 64 GB)",8699,4 GB RAM | 64 GB ROM17.32 cm (6.82 inch) HD+ Display50 MP + 2 MP Depth Lens + AI Lens | 8MP Front Camera6000 mAh Lithium-ion Polymer BatteryMeditek Helio G37 Processor1 Year on Handset and 6 Months on Accessories
118,"POCO M5 (Yellow, 128 GB)",14499,"6 GB RAM | 128 GB ROM | Expandable Upto 512 GB16.71 cm (6.58 inch) Full HD+ Display50MP + 2MP Depth Sensor + 2MP Macro Sensor | 8MP Front Camera5000 mAh Lithium-ion Polymer BatteryMediatek Helio G99 Processor1 Year for Handset, 6 Months for Accessories"
119,"realme Narzo 50i (Mint Green, 64 GB)",8999,4 GB RAM | 64 GB ROM | Expandable Upto 256 GB16.51 cm (6.5 inch) Display8MP Rear Camera | 5MP Front Camera5000 mAh BatterySC9863A Processor1 Year Warranty for Mobile and 6 Months for Accessories
120,"Realme C30 - Locked with Airtel Prepaid (Denim Black, 32 GB)",6199,2 GB RAM | 32 GB ROM | Expandable Upto 1 TB16.51 cm (6.5 inch) HD+ Display8MP Rear Camera | 5MP Front Camera5000 mAh Lithium Ion BatteryUnisoc T612 Processor1 Year Manufacturer Warranty for Phone and 6 Months Warranty for In-Box Accessories
121,"Realme C30 - Locked with Airtel Prepaid (Lake Blue, 32 GB)",6199,2 GB RAM | 32 GB ROM | Expandable Upto 1 TB16.51 cm (6.5 inch) HD+ Display8MP Rear Camera | 5MP Front Camera5000 mAh Lithium Ion BatteryUnisoc T612 Processor1 Year Manufacturer Warranty for Phone and 6 Months Warranty for In-Box Accessories
122,"OPPO F19s (Glowing Black, 128 GB)",19990,6 GB RAM | 128 GB ROM | Expandable Upto 256 GB16.33 cm (6.43 inch) Full HD+ Display48MP + 2MP + 2MP | 16MP Front Camera5000 mAh BatteryQualcomm Snapdragon 662 ProcessorBrand Warranty of 1 Year Available for Mobile Including Battery and 6 Months for Accessories
123,LAVA GEM,1680,0 MB ROM | Expandable Upto 32 GB7.11 cm (2.8 inch) QVGA Display1.3MP Rear Camera1750 mAh BatteryNA Processor1 year manufacturer Replacement for device and 6 months manufacturer warranty for in-box accessories including batteries from the date of purchase
124,Nokia 105 TA-1416 DS,1449,32 MB RAM | 32 MB ROM4.5 cm (1.77 inch) QVGA Display0MP Front Camera800 mAh Lithium Ion BatterySC6531E Processor1 Year Manufacturer Warranty for Device and 6 Months Manufacturer Warranty for In-box Accessories Including Battery from the Date of Purchase
125,"OPPO K10 5G (Ocean Blue, 128 GB)",16499,6 GB RAM | 128 GB ROM | Expandable Upto 1 TB16.66 cm (6.56 inch) HD+ Display48MP + 2MP | 8MP Front Camera5000 mAh Lithium Ion Polymer BatteryMediatek Dimensity 810 Processor1 Year Manufacturer Warranty for Phone and 6 Months Warranty for In-Box Accessories
126,"OPPO K10 5G (Midnight Black, 128 GB)",16499,6 GB RAM | 128 GB ROM | Expandable Upto 1 TB16.66 cm (6.56 inch) HD+ Display48MP + 2MP | 8MP Front Camera5000 mAh Lithium Ion Polymer BatteryMediatek Dimensity 810 Processor1 Year Manufacturer Warranty for Phone and 6 Months Warranty for In-Box Accessories
127,"OPPO K10 5G (Ocean Blue, 128 GB)",17499,8 GB RAM | 128 GB ROM | Expandable Upto 1 TB16.66 cm (6.56 inch) HD+ Display48MP + 2MP | 8MP Front Camera5000 mAh Lithium Ion Polymer BatteryMediatek Dimensity 810 Processor1 Year Manufacturer Warranty for Phone and 6 Months Warranty for In-Box Accessories
128,"SAMSUNG Galaxy F22 (Denim Black, 128 GB)",13999,6 GB RAM | 128 GB ROM | Expandable Upto 1 TB16.26 cm (6.4 inch) HD+ Display48MP + 8MP + 2MP + 2MP | 13MP Front Camera6000 mAh Lithium-ion BatteryMediaTek Helio G80 Processor1 Year Warranty Provided by the Manufacturer from Date of Purchase
129,"REDMI Note 11 SE (Without Charger) (Bifrost Blue, 64 GB)",13499,6 GB RAM | 64 GB ROM | Expandable Upto 512 GB16.33 cm (6.43 inch) Full HD+ Display64MP + 8MP + 2MP + 2MP | 13MP Front Camera5000 mAh Lithium Polymer BatteryMediatek Helio G95 Octa Core Processor1 Year Manufacturer Warranty for Phone and 6 Months Warranty for In the Box Accessories
130,"realme C35 (Glowing Black, 64 GB)",11999,4 GB RAM | 64 GB ROM | Expandable Upto 1 TB16.76 cm (6.6 inch) Full HD+ Display50MP + 2MP + 0.3MP | 8MP Front Camera5000 mAh Lithium Polymer BatteryUnisoc Tiger T616 Processor1 Year Warranty for Phone and 6 Months Warranty for In-Box Accessories
131,"vivo T1 5G (Starlight Black, 128 GB)",16990,6 GB RAM | 128 GB ROM | Expandable Upto 1 TB16.71 cm (6.58 inch) Full HD+ Display50MP + 2MP + 2MP | 16MP Front Camera5000 mAh Lithium BatteryQualcomm Snapdragon 695 Processor1 Year Handset and 6 Months Accessories
132,"vivo T1 5G (Starlight Black, 128 GB)",15990,4 GB RAM | 128 GB ROM | Expandable Upto 1 TB16.71 cm (6.58 inch) Full HD+ Display50MP + 2MP + 2MP | 16MP Front Camera5000 mAh Lithium BatteryQualcomm Snapdragon 695 Processor1 Year Handset and 6 Months Accessories
133,"REDMI Note 10T 5G (Graphite Black, 64 GB)",12999,"4 GB RAM | 64 GB ROM16.66 cm (6.56 inch) Full HD+ Display48MP Primary Camera + 2MP Macro Lens + 2MP Depth Sensor | 8MP Front Camera5000 mAh Lithium Polymer BatteryMediatek Dimensity 700 ProcessorMax GPU Frequency: 950 MHz, Supports GAME Turbo 3.0, UFS2.2 Storage, Reading Mode 3.0, 360 Degree Ambient Light Sensors, Supports 18W Fast Charging1 Year Manufacturer Warranty for Phone and 6 Months Warranty for In the Box Accessories"
134,"realme 9 Pro 5G (Aurora Green, 128 GB)",18999,8 GB RAM | 128 GB ROM | Expandable Upto 256 GB16.76 cm (6.6 inch) Full HD+ Display64MP + 8MP + 2MP | 16MP Front Camera5000 mAh Li-ion BatteryQualcomm Snapdragon 695 Processor1 Year Warranty for Phone and 6 Months Warranty for In-Box Accessories
135,"realme 9 Pro 5G (Midnight Black, 128 GB)",18999,8 GB RAM | 128 GB ROM | Expandable Upto 256 GB16.76 cm (6.6 inch) Full HD+ Display64MP + 8MP + 2MP | 16MP Front Camera5000 mAh Li-ion BatteryQualcomm Snapdragon 695 Processor1 Year Warranty for Phone and 6 Months Warranty for In-Box Accessories
136,"REDMI Note 10 Pro Max (Vintage Bronze, 128 GB)",17999,6 GB RAM | 128 GB ROM | Expandable Upto 512 GB16.94 cm (6.67 inch) Full HD+ Display108MP Rear Camera | 16MP Front Camera5020 mAh BatteryQualcomm Snapdragon 732G Processor1 Year Manufacturer Warranty for Phone and 6 Months Warranty for In the Box Accessories
137,"vivo T1X (Gravity Black, 128 GB)",12999,4 GB RAM | 128 GB ROM16.71 cm (6.58 inch) Full HD+ Display50MP + 2MP | 8MP Front Camera5000 mAh BatteryQualcomm Snapdragon 680 Processor1 Year on Handset and 6 Months on Accessories
138,"realme C30 (Bamboo Green, 32 GB)",7999,3 GB RAM | 32 GB ROM | Expandable Upto 1 TB16.51 cm (6.5 inch) HD+ Display8MP Rear Camera | 5MP Front Camera5000 mAh Lithium Ion BatteryUnisoc T612 Processor1 Year Manufacturer Warranty for Phone and 6 Months Warranty for In-Box Accessories
139,"realme C30 (Lake Blue, 32 GB)",7999,3 GB RAM | 32 GB ROM | Expandable Upto 1 TB16.51 cm (6.5 inch) HD+ Display8MP Rear Camera | 5MP Front Camera5000 mAh Lithium Ion BatteryUnisoc T612 Processor1 Year Manufacturer Warranty for Phone and 6 Months Warranty for In-Box Accessories
140,"SAMSUNG Galaxy A12 (Black, 128 GB)",14900,6 GB RAM | 128 GB ROM | Expandable Upto 1 TB16.51 cm (6.5 inch) HD+ Display48MP + 5MP + 2MP + 2MP | 8MP Front Camera5000 mAh BatteryExynos 850 (S5E3830) Processor1 Year Warranty Provided by the Manufacturer From Date of Purchase
141,"realme 9 Pro+ 5G (Sunrise Blue, 128 GB)",22999,6 GB RAM | 128 GB ROM16.26 cm (6.4 inch) Full HD+ AMOLED Display50MP + 8MP + 2MP | 16MP Front Camera4500 mAh Li-ion BatteryMediatek Dimensity 920 Processor1 Year Warranty for Phone and 6 Months Warranty for In-Box Accessories
142,"realme 9 Pro+ 5G (Midnight Black, 256 GB)",26999,8 GB RAM | 256 GB ROM16.26 cm (6.4 inch) Full HD+ AMOLED Display50MP + 8MP + 2MP | 16MP Front Camera4500 mAh Li-ion BatteryMediatek Dimensity 920 Processor1 Year Warranty for Phone and 6 Months Warranty for In-Box Accessories
143,"realme 9 Pro+ 5G (Sunrise Blue, 256 GB)",26999,8 GB RAM | 256 GB ROM16.26 cm (6.4 inch) Full HD+ AMOLED Display50MP + 8MP + 2MP | 16MP Front Camera4500 mAh Li-ion BatteryMediatek Dimensity 920 Processor1 Year Warranty for Phone and 6 Months Warranty for In-Box Accessories
144,"realme 9 Pro+ 5G (Sunrise Blue, 128 GB)",22999,6 GB RAM | 128 GB ROM16.26 cm (6.4 inch) Full HD+ AMOLED Display50MP + 8MP + 2MP | 16MP Front Camera4500 mAh Li-ion BatteryMediatek Dimensity 920 Processor1 Year Warranty for Phone and 6 Months Warranty for In-Box Accessories
145,"realme 9 Pro+ 5G (Midnight Black, 256 GB)",26999,8 GB RAM | 256 GB ROM16.26 cm (6.4 inch) Full HD+ AMOLED Display50MP + 8MP + 2MP | 16MP Front Camera4500 mAh Li-ion BatteryMediatek Dimensity 920 Processor1 Year Warranty for Phone and 6 Months Warranty for In-Box Accessories
146,"realme 9 Pro+ 5G (Sunrise Blue, 256 GB)",26999,8 GB RAM | 256 GB ROM16.26 cm (6.4 inch) Full HD+ AMOLED Display50MP + 8MP + 2MP | 16MP Front Camera4500 mAh Li-ion BatteryMediatek Dimensity 920 Processor1 Year Warranty for Phone and 6 Months Warranty for In-Box Accessories
147,"REDMI Note 10 Pro Max (Dark Night, 128 GB)",17899,6 GB RAM | 128 GB ROM | Expandable Upto 512 GB16.94 cm (6.67 inch) Full HD+ Display108MP Rear Camera | 16MP Front Camera5020 mAh BatteryQualcomm Snapdragon 732G Processor1 Year Manufacturer Warranty for Phone and 6 Months Warranty for In the Box Accessories
148,"realme 9 Pro+ 5G (Sunrise Blue, 128 GB)",24999,8 GB RAM | 128 GB ROM16.26 cm (6.4 inch) Full HD+ AMOLED Display50MP + 8MP + 2MP | 16MP Front Camera4500 mAh Li-ion BatteryMediatek Dimensity 920 Processor1 Year Warranty for Phone and 6 Months Warranty for In-Box Accessories
149,"realme 9 Pro+ 5G (Midnight Black, 128 GB)",24999,8 GB RAM | 128 GB ROM16.26 cm (6.4 inch) Full HD+ AMOLED Display50MP + 8MP + 2MP | 16MP Front Camera4500 mAh Li-ion BatteryMediatek Dimensity 920 Processor1 Year Warranty for Phone and 6 Months Warranty for In-Box Accessories
150,"POCO M4 Pro 5G (Yellow, 128 GB)",14999,"6 GB RAM | 128 GB ROM | Expandable Upto 1 TB16.76 cm (6.6 inch) Full HD+ Display50MP + 8MP | 16MP Front Camera5000 mAh Lithium-ion Polymer BatteryMediatek Dimensity 810 ProcessorOne Year for Handset, 6 Months for Accessories"
151,SAMSUNG Guru Music 2,1850,NA ROM5.08 cm (2 inch) QVGA Display800 mAh Battery1 Year Manufacturer Warranty
152,"POCO M4 Pro 5G (Power Black, 128 GB)",15999,"8 GB RAM | 128 GB ROM | Expandable Upto 1 TB16.76 cm (6.6 inch) Full HD+ Display50MP + 8MP | 16MP Front Camera5000 mAh Lithium-ion Polymer BatteryMediatek Dimensity 810 ProcessorOne Year for Handset, 6 Months for Accessories"
153,"REDMI 10A (Slate Grey, 32 GB)",8437,3 GB RAM | 32 GB ROM16.59 cm (6.53 inch) Display13MP Rear Camera5000 mAh Battery12 months
154,"REDMI 9i (Midnight Black, 64 GB)",8999,4 GB RAM | 64 GB ROM | Expandable Upto 512 GB16.59 cm (6.53 inch) HD+ Display13MP Rear Camera | 5MP Front Camera5000 mAh Lithium Polymer BatteryMediaTek Helio G25 ProcessorBrand Warranty of 1 Year Available for Mobile and 6 Months for Accessories
155,"POCO X4 Pro 5G (Laser Black, 128 GB)",18499,"8 GB RAM | 128 GB ROM | Expandable Upto 1 TB16.94 cm (6.67 inch) Full HD+ Super AMOLED Display64MP + 8MP + 2MP | 16MP Front Camera5000 mAh Lithium-ion Polymer BatteryQualcomm Snapdragon 695 5G ProcessorOne Year for Handset, 6 Months for Accessories"
156,"realme 9 Pro+ 5G (Aurora Green, 256 GB)",26999,8 GB RAM | 256 GB ROM16.26 cm (6.4 inch) Full HD+ AMOLED Display50MP + 8MP + 2MP | 16MP Front Camera4500 mAh Li-ion BatteryMediatek Dimensity 920 Processor1 Year Warranty for Phone and 6 Months Warranty for In-Box Accessories
157,"realme 9 5G (Supersonic Blue, 128 GB)",15999,6 GB RAM | 128 GB ROM | Expandable Upto 1 TB16.51 cm (6.5 inch) Full HD+ Display48MP + 2MP + 2MP | 16MP Front Camera5000 mAh Lithium Polymer BatteryMediatek Dimensity 810 Processor1 Year Warranty for Phone and 6 Months Warranty for In-Box Accessories
158,"REDMI 9 Activ (Metallic Purple, 128 GB)",10499,6 GB RAM | 128 GB ROM | Expandable Upto 512 GB16.59 cm (6.53 inch) HD+ Display13MP + 2MP | 5MP Front Camera5000 mAh Lithium Polymer BatteryMediatek Helio G35 Processor1 Year Manufacturer Warranty for Phone and 6 Months Warranty for in the Box Accessories
159,"vivo T1 44W (Midnight Galaxy, 128 GB)",15999,6 GB RAM | 128 GB ROM | Expandable Upto 1 TB16.36 cm (6.44 inch) Full HD+ AMOLED Display50MP + 2MP + 2MP | 16MP Front Camera5000 mAh Lithium BatteryQualcomm Snapdragon 680 Processor1 Year Handset and 6 Months Accessories
160,Micromax X413,915,32 MB RAM | 32 MB ROM4.5 cm (1.77 inch) Display0.3MP Rear Camera800 mAh BatteryOne Year manufacturer Warranty
161,LAVA Gem,1680,32 MB RAM | 32 MB ROM | Expandable Upto 32 GB7.11 cm (2.8 inch) QVGA Display1.3MP Rear Camera1750 mAh Battery1 year manufacturer Replacement for device and 6 months manufacturer warranty for in-box accessories including batteries from the date of purchase
162,"POCO M4 Pro 5G (Yellow, 64 GB)",12999,"4 GB RAM | 64 GB ROM | Expandable Upto 1 TB16.76 cm (6.6 inch) Full HD+ Display50MP + 8MP | 16MP Front Camera5000 mAh Lithium-ion Polymer BatteryMediatek Dimensity 810 ProcessorOne Year for Handset, 6 Months for Accessories"
163,"REDMI Note 10T 5G (Metallic Blue, 64 GB)",12999,"4 GB RAM | 64 GB ROM16.66 cm (6.56 inch) Full HD+ Display48MP Primary Camera + 2MP Macro Lens + 2MP Depth Sensor | 8MP Front Camera5000 mAh Lithium Polymer BatteryMediatek Dimensity 700 ProcessorMax GPU Frequency: 950 MHz, Supports GAME Turbo 3.0, UFS2.2 Storage, Reading Mode 3.0, 360 Degree Ambient Light Sensors, Supports 18W Fast Charging1 Year Manufacturer Warranty for Phone and 6 Months Warranty for In the Box Accessories"
164,"REDMI Note 11 SE (Without Charger) (Space Black, 64 GB)",13499,6 GB RAM | 64 GB ROM | Expandable Upto 512 GB16.33 cm (6.43 inch) Full HD+ Display64MP + 8MP + 2MP + 2MP | 13MP Front Camera5000 mAh Lithium Polymer BatteryMediatek Helio G95 Octa Core Processor1 Year Manufacturer Warranty for Phone and 6 Months Warranty for In the Box Accessories
165,"SAMSUNG Galaxy F22 (Denim Blue, 128 GB)",13999,6 GB RAM | 128 GB ROM | Expandable Upto 1 TB16.26 cm (6.4 inch) HD+ Display48MP + 8MP + 2MP + 2MP | 13MP Front Camera6000 mAh Lithium-ion BatteryMediaTek Helio G80 Processor1 Year Warranty Provided by the Manufacturer from Date of Purchase
166,"POCO M5 (Power Black, 128 GB)",14499,"6 GB RAM | 128 GB ROM | Expandable Upto 512 GB16.71 cm (6.58 inch) Full HD+ Display50MP + 2MP Depth Sensor + 2MP Macro Sensor | 8MP Front Camera5000 mAh Lithium-ion Polymer BatteryMediatek Helio G99 Processor1 Year for Handset, 6 Months for Accessories"
167,"REDMI 10 Prime 2022 (Bifrost Blue, 64 GB)",11429,4 GB RAM | 64 GB ROM16.51 cm (6.5 inch) Display8MP Rear Camera6000 mAh Battery1 Year Warranty for Phone and 6 Months Warranty for In-Box Accessories
168,LAVA A3,1212,0 GB ROM | Expandable Upto 32 GB4.5 cm (1.77 inch) Display0.3MP Rear Camera1750 mAh Battery1 year manufacturer Replacement for device and 6 months manufacturer warranty for in-box accessories including batteries from the date of purchase
169,"SAMSUNG Galaxy M33 5G (Mystique Green, 128 GB)",17790,6 GB RAM | 128 GB ROM16.74 cm (6.59 inch) Display50MP Rear Camera6000 mAh Battery12 months
170,"POCO C31 (Shadow Gray, 64 GB)",9499,"4 GB RAM | 64 GB ROM | Expandable Upto 512 GB16.59 cm (6.53 inch) HD+ Display13MP + 2MP + 2MP | 5MP Front Camera5000 mAh Lithium-ion Polymer BatteryMediaTek Helio G35 Processor1 Year Warranty for Handset, 6 Months for Accessories"
171,"REDMI Note 10 Pro Max (Dark Night, 128 GB)",17899,6 GB RAM | 128 GB ROM | Expandable Upto 512 GB16.94 cm (6.67 inch) Full HD+ Display108MP Rear Camera | 16MP Front Camera5020 mAh BatteryQualcomm Snapdragon 732G Processor1 Year Manufacturer Warranty for Phone and 6 Months Warranty for In the Box Accessories
172,"Infinix Hot 12 (7Â° Purple, 64 GB)",8699,4 GB RAM | 64 GB ROM17.32 cm (6.82 inch) HD+ Display50 MP + 2 MP Depth Lens + AI Lens | 8MP Front Camera6000 mAh Lithium-ion Polymer BatteryMeditek Helio G37 Processor1 Year on Handset and 6 Months on Accessories
173,"MOTOROLA G32 (Mineral Gray, 64 GB)",10999,4 GB RAM | 64 GB ROM16.64 cm (6.55 inch) Full HD+ Display50MP + 8MP + 2MP | 16MP Front Camera5000 mAh Lithium Polymer BatteryQualcomm Snapdragon 680 Processor1 Year on Handset and 6 Months on Accessories
174,"SAMSUNG Galaxy F23 5G (Copper Blush, 128 GB)",12499,4 GB RAM | 128 GB ROM | Expandable Upto 1 TB16.76 cm (6.6 inch) Full HD+ Display50MP + 8MP + 2MP | 8MP Front Camera5000 mAh Lithium Ion BatteryQualcomm Snapdragon 750G Processor1 Year Warranty Provided by the Manufacturer from Date of Purchase
175,"Infinix Hot 12 (Turquoise Cyan, 64 GB)",8699,4 GB RAM | 64 GB ROM17.32 cm (6.82 inch) HD+ Display50 MP + 2 MP Depth Lens + AI Lens | 8MP Front Camera6000 mAh Lithium-ion Polymer BatteryMeditek Helio G37 Processor1 Year on Handset and 6 Months on Accessories
176,DIZO Star 500,1565,32 MB RAM | 32 MB ROM | Expandable Upto 64 GB7.11 cm (2.8 inch) QVGA Display0.3MP Rear Camera1900 mAh BatterySC6531E Processor1 Year Warranty
177,"REDMI 10A SPORT (SEA BLUE, 128 GB)",10760,"6 GB RAM | 128 GB ROM16.59 cm (6.53 inch) Display13MP Rear Camera5000 mAh Battery1 YEAR ON MOBILE, 6 MONTHS ON ACCESSORIES"
178,"REDMI Note 10T 5G (Mint Green, 128 GB)",14999,"6 GB RAM | 128 GB ROM16.66 cm (6.56 inch) Full HD+ Display48MP Primary Camera + 2MP Macro Lens + 2MP Depth Sensor | 8MP Front Camera5000 mAh Lithium Polymer BatteryMediatek Dimensity 700 ProcessorMax GPU Frequency: 950 MHz, Supports GAME Turbo 3.0, UFS2.2 Storage, Reading Mode 3.0, 360 Degree Ambient Light Sensors, Supports 18W Fast Charging1 Year Manufacturer Warranty for Phone and 6 Months Warranty for In the Box Accessories"
179,"REDMI 10A SPORT (SLATE GREY, 128 GB)",10759,"6 GB RAM | 128 GB ROM16.59 cm (6.53 inch) Display13MP Rear Camera5000 mAh Battery1 YEAR ON PHONE, 6 MONTHS ON ACCESSORIES"
180,"Infinix Smart 6 Plus (Miracle Black, 64 GB)",7499,3 GB RAM | 64 GB ROM | Expandable Upto 512 GB17.32 cm (6.82 inch) HD+ Display8 MP + Depth Lens | 5MP Front Camera5000 mAh Lithium-ion Polymer BatteryMediatek Helio G25 Processor1 Year on Handset and 6 Months on Accessories
181,LAVA A3 Power,1299,0 GB ROM | Expandable Upto 32 GB4.5 cm (1.77 inch) Quarter QVGA Display0.3MP Rear Camera2575 mAh Li-ion Battery1 Year Manufacturer Replacement Guarantee for Phone and 6 Months Replacement for Accessories In the Box
182,LAVA A3 Power,1275,32 MB RAM | 24 MB ROM | Expandable Upto 32 GB4.5 cm (1.77 inch) Quarter QVGA Display0.3MP Rear Camera2575 mAh Li-ion Battery1 Year Manufacturer Replacement Guarantee for Phone and 6 Months Replacement for Accessories In the Box
183,"REDMI Note 10T 5G (Chromium White, 64 GB)",12999,"4 GB RAM | 64 GB ROM16.66 cm (6.56 inch) Full HD+ Display48MP Primary Camera + 2MP Macro Lens + 2MP Depth Sensor | 8MP Front Camera5000 mAh Lithium Polymer BatteryMediatek Dimensity 700 ProcessorMax GPU Frequency: 950 MHz, Supports GAME Turbo 3.0, UFS2.2 Storage, Reading Mode 3.0, 360 Degree Ambient Light Sensors, Supports 18W Fast Charging1 Year Manufacturer Warranty for Phone and 6 Months Warranty for In the Box Accessories"
184,"POCO X4 Pro 5G (Laser Blue, 64 GB)",15499,"6 GB RAM | 64 GB ROM | Expandable Upto 1 TB16.94 cm (6.67 inch) Full HD+ Super AMOLED Display64MP + 8MP + 2MP | 16MP Front Camera5000 mAh Lithium-ion Polymer BatteryQualcomm Snapdragon 695 5G ProcessorOne Year for Handset, 6 Months for Accessories"
185,Nokia 105 PLUS,1399,4 MB RAM | 4 MB ROM4.5 cm (1.77 inch) Display0MP Front Camera1000 mAh Lithium Ion BatteryMTK6261D Processor1 Year Manufacturer Warranty For Device And 6 Months Manufacturer Warranty For In-Box Accessories Including Battery From The Date Of Purchase
186,"vivo T1 5G (Rainbow Fantasy, 128 GB)",19990,8 GB RAM | 128 GB ROM | Expandable Upto 1 TB16.71 cm (6.58 inch) Full HD+ Display50MP + 2MP + 2MP | 16MP Front Camera5000 mAh Lithium BatteryQualcomm Snapdragon 695 Processor1 Year Handset and 6 Months Accessories
187,Nokia 105 PLUS,1399,4 MB RAM | 4 MB ROM4.5 cm (1.77 inch) Display0MP Front Camera1000 mAh Lithium Ion BatteryMTK6261D Processor1 Year Manufacturer Warranty For Device And 6 Months Manufacturer Warranty For In-Box Accessories Including Battery From The Date Of Purchase
188,"vivo T1 5G (Starlight Black, 128 GB)",19990,8 GB RAM | 128 GB ROM | Expandable Upto 1 TB16.71 cm (6.58 inch) Full HD+ Display50MP + 2MP + 2MP | 16MP Front Camera5000 mAh Lithium BatteryQualcomm Snapdragon 695 Processor1 Year Handset and 6 Months Accessories
189,"OPPO F19 Pro+ 5G (Space Silver, 128 GB)",17990,8 GB RAM | 128 GB ROM | Expandable Upto 256 GB16.33 cm (6.43 inch) Full HD+ Display48MP + 8MP + 2MP + 2MP | 16MP Front Camera4310 mAh Lithium-ion Polymer BatteryMediaTek Dimensity 800U ProcessorBrand Warranty of 1 Year Available for Mobile Including Battery and 6 Months for Accessories
190,SAMSUNG Guru Music 2,2099,NA ROM5.08 cm (2 inch) NA Display800 mAh Battery1 Year Manufacturer Warranty
191,"realme Narzo 50 (Speed Black, 128 GB)",15499,6 GB RAM | 128 GB ROM | Expandable Upto 256 GB16.76 cm (6.6 inch) Full HD+ Display50MP + 2MP + 2MP | 16MP Front Camera5000 mAh Lithium Polymer BatteryMediatek Helio G96 Processor1 Year Warranty for Phone and 6 Months Warranty for In-Box Accessories
192,"realme Narzo 50 (Speed Black, 64 GB)",12221,4 GB RAM | 64 GB ROM | Expandable Upto 256 GB16.76 cm (6.6 inch) Full HD+ Display50MP + 2MP + 2MP | 16MP Front Camera5000 mAh Lithium Polymer BatteryMediatek Helio G96 Processor1 Year Warranty for Phone and 6 Months Warranty for In-Box Accessories
193,"REDMI 10 (Pacific Blue, 64 GB)",10999,4 GB RAM | 64 GB ROM | Expandable Upto 1 TB17.02 cm (6.7 inch) HD+ Display50MP + 2MP | 5MP Front Camera6000 mAh Lithium Polymer BatteryQualcomm Snapdragon 680 Processor1 Year Warranty for Phone and 6 Months Warranty for In-Box Accessories
194,"REDMI 10 Prime 2022 (Bifrost Blue, 64 GB)",11224,4 GB RAM | 64 GB ROM16.51 cm (6.5 inch) Display50MP Rear Camera6000 mAh Battery12 Months
195,"POCO C31 (Royal Blue, 64 GB)",9499,"4 GB RAM | 64 GB ROM | Expandable Upto 512 GB16.59 cm (6.53 inch) HD+ Display13MP + 2MP + 2MP | 5MP Front Camera5000 mAh Lithium-ion Polymer BatteryMediaTek G35 Processor1 Year Warranty for Handset, 6 Months for Accessories"
196,LAVA Hero Punch,900,24 MB RAM | 32 MB ROM | Expandable Upto 32 GB4.57 cm (1.8 inch) Quarter QVGA Display0MP Front Camera620 mAh Li-ion Battery1 Year Manufacturer Replacement Guarantee for Phone and 6 Months Replacement for Accessories in the Box
197,LAVA Hero Punch,900,24 MB RAM | 32 MB ROM | Expandable Upto 32 GB4.57 cm (1.8 inch) Quarter QVGA Display0MP Front Camera620 mAh Li-ion Battery1 Year Manufacturer Replacement Guarantee for Phone and 6 Months Replacement for Accessories in the Box
198,"MOTOROLA G32 (Satin Silver, 64 GB)",10999,4 GB RAM | 64 GB ROM16.64 cm (6.55 inch) Full HD+ Display50MP + 8MP + 2MP | 16MP Front Camera5000 mAh Lithium Polymer BatteryQualcomm Snapdragon 680 Processor1 Year on Handset and 6 Months on Accessories
199,"realme Narzo 30 5G (Racing Silver, 128 GB)",16999,6 GB RAM | 128 GB ROM | Expandable Upto 1 TB16.51 cm (6.5 inch) Full HD+ Display48MP + 2MP + 2MP | 16MP Front Camera5000 mAh BatteryMediaTek Dimensity 700 (MT6833) Processor1 Year Warranty for Mobile and 6 Months for Accessories
200,"realme Narzo 30 5G (Racing Blue, 128 GB)",16999,6 GB RAM | 128 GB ROM | Expandable Upto 1 TB16.51 cm (6.5 inch) Full HD+ Display48MP + 2MP + 2MP | 16MP Front Camera5000 mAh BatteryMediaTek Dimensity 700 (MT6833) Processor1 Year Warranty for Mobile and 6 Months for Accessories
201,"REDMI Note 10T 5G (Chromium White, 128 GB)",14999,"6 GB RAM | 128 GB ROM16.66 cm (6.56 inch) Full HD+ Display48MP Primary Camera + 2MP Macro Lens + 2MP Depth Sensor | 8MP Front Camera5000 mAh Lithium Polymer BatteryMediatek Dimensity 700 ProcessorMax GPU Frequency: 950 MHz, Supports GAME Turbo 3.0, UFS2.2 Storage, Reading Mode 3.0, 360 Degree Ambient Light Sensors, Supports 18W Fast Charging1 Year Manufacturer Warranty for Phone and 6 Months Warranty for In the Box Accessories"
202,"Redmi 9A Sport (Coral Green, 32 GB)",8290,3 GB RAM | 32 GB ROM | Expandable Upto 512 GB16.59 cm (6.53 inch) HD+ Display13MP Rear Camera | 5MP Front Camera5000 mAh BatteryMediaTek Helio G25 Processor1 year manufacturer warranty for device and 6 months manufacturer warranty for in-box accessories including batteries from the date of purchase
203,"Redmi 9A Sport (Carbon Black, 32 GB)",8345,3 GB RAM | 32 GB ROM | Expandable Upto 512 GB16.59 cm (6.53 inch) HD+ Display13MP Rear Camera | 5MP Front Camera5000 mAh BatteryMediaTek Helio G25 Processor1 year manufacturer warranty for device and 6 months manufacturer warranty for in-box accessories including batteries from the date of purchase
204,"POCO M4 Pro 5G (Cool Blue, 128 GB)",15999,"8 GB RAM | 128 GB ROM | Expandable Upto 1 TB16.76 cm (6.6 inch) Full HD+ Display50MP + 8MP | 16MP Front Camera5000 mAh Lithium-ion Polymer BatteryMediatek Dimensity 810 ProcessorOne Year for Handset, 6 Months for Accessories"
205,"OPPO K10 5G (Midnight Black, 128 GB)",17499,8 GB RAM | 128 GB ROM | Expandable Upto 1 TB16.66 cm (6.56 inch) HD+ Display48MP + 2MP | 8MP Front Camera5000 mAh Lithium Ion Polymer BatteryMediatek Dimensity 810 Processor1 Year Manufacturer Warranty for Phone and 6 Months Warranty for In-Box Accessories
206,"REDMI Note 10T 5G (Metallic Blue, 128 GB)",14999,"6 GB RAM | 128 GB ROM16.66 cm (6.56 inch) Full HD+ Display48MP Primary Camera + 2MP Macro Lens + 2MP Depth Sensor | 8MP Front Camera5000 mAh Lithium Polymer BatteryMediatek Dimensity 700 ProcessorMax GPU Frequency: 950 MHz, Supports GAME Turbo 3.0, UFS2.2 Storage, Reading Mode 3.0, 360 Degree Ambient Light Sensors, Supports 18W Fast Charging1 Year Manufacturer Warranty for Phone and 6 Months Warranty for In the Box Accessories"
207,"REDMI Note 10 Pro Max (Glacial Blue, 128 GB)",17999,6 GB RAM | 128 GB ROM | Expandable Upto 512 GB16.94 cm (6.67 inch) Full HD+ Display108MP Rear Camera | 16MP Front Camera5020 mAh BatteryQualcomm Snapdragon 732G Processor1 Year Manufacturer Warranty for Phone and 6 Months Warranty for In the Box Accessories
208,"realme Narzo 50A (Oxygen Green, 128 GB)",12499,4 GB RAM | 128 GB ROM | Expandable Upto 256 GB16.51 cm (6.5 inch) HD+ Display50MP + 2MP + 2MP | 8MP Front Camera6000 mAh BatteryMediaTek Helio G85 Processor1 Year Warranty for Mobile and 6 Months for Accessories
209,"REDMI Note 10 Pro (Vintage Bronze, 128 GB)",15999,6 GB RAM | 128 GB ROM | Expandable Upto 512 GB16.94 cm (6.67 inch) Full HD+ Super AMOLED Display64MP + 8MP + 5MP + 2MP | 16MP Front Camera5020 mAh Li-Polymer BatteryQualcomm Snapdragon 732G Processor1 Year Manufacturer Warranty for Phone and 6 Months Warranty for In the Box Accessories
210,"realme C35 (Glowing Green, 64 GB)",11999,4 GB RAM | 64 GB ROM | Expandable Upto 1 TB16.76 cm (6.6 inch) Full HD+ Display50MP + 2MP + 0.3MP | 8MP Front Camera5000 mAh Lithium Polymer BatteryUnisoc Tiger T616 Processor1 Year Warranty for Phone and 6 Months Warranty for In-Box Accessories
211,"realme C35 (Glowing Black, 128 GB)",12999,4 GB RAM | 128 GB ROM | Expandable Upto 1 TB16.76 cm (6.6 inch) Full HD+ Display50MP + 2MP + 0.3MP | 8MP Front Camera5000 mAh Lithium Polymer BatteryUnisoc Tiger T616 Processor1 Year Warranty for Phone and 6 Months Warranty for In-Box Accessories
212,"Redmi Note 11 (Space Black, 64 GB)",13690,4 GB RAM | 64 GB ROM | Expandable Upto 1 TB16.33 cm (6.43 inch) Full HD+ Display50MP + 8MP + 2MP + 2MP | 13MP Front Camera5000 mAh BatteryQualcomm SM6225 Snapdragon 680 Processor1 Year Manufacturer Warranty for Handset and 6 Months Warranty for In the Box Accessories
213,"SAMSUNG Galaxy A12 (Black, 128 GB)",14900,6 GB RAM | 128 GB ROM | Expandable Upto 1 TB16.51 cm (6.5 inch) HD+ Display48MP + 5MP + 2MP + 2MP | 8MP Front Camera5000 mAh BatteryExynos 850 (S5E3830) Processor1 Year Warranty Provided by the Manufacturer From Date of Purchase
214,"REDMI Note 10T 5G (Graphite Black, 128 GB)",14999,"6 GB RAM | 128 GB ROM16.66 cm (6.56 inch) Full HD+ Display48MP Primary Camera + 2MP Macro Lens + 2MP Depth Sensor | 8MP Front Camera5000 mAh Lithium Polymer BatteryMediatek Dimensity 700 ProcessorMax GPU Frequency: 950 MHz, Supports GAME Turbo 3.0, UFS2.2 Storage, Reading Mode 3.0, 360 Degree Ambient Light Sensors, Supports 18W Fast Charging1 Year Manufacturer Warranty for Phone and 6 Months Warranty for In the Box Accessories"
215,"Redmi Note 11 (Space Black, 64 GB)",13030,6 GB RAM | 64 GB ROM16.33 cm (6.43 inch) Display50MP Rear Camera5000 mAh Battery12 months
216,"vivo T1X (Space Blue, 128 GB)",14999,6 GB RAM | 128 GB ROM16.71 cm (6.58 inch) Full HD+ Display50MP + 2MP | 8MP Front Camera5000 mAh BatteryQualcomm Snapdragon 680 Processor1 Year on Handset and 6 Months on Accessories
217,"POCO X4 Pro 5G (Yellow, 128 GB)",18499,"8 GB RAM | 128 GB ROM | Expandable Upto 1 TB16.94 cm (6.67 inch) Full HD+ Super AMOLED Display64MP + 8MP + 2MP | 16MP Front Camera5000 mAh Lithium-ion Polymer BatteryQualcomm Snapdragon 695 5G ProcessorOne Year for Handset, 6 Months for Accessories"
218,"REDMI 10 (Midnight Black, 64 GB)",10999,4 GB RAM | 64 GB ROM | Expandable Upto 1 TB17.02 cm (6.7 inch) HD+ Display50MP + 2MP | 5MP Front Camera6000 mAh Lithium Polymer BatteryQualcomm Snapdragon 680 Processor1 Year Warranty for Phone and 6 Months Warranty for In-Box Accessories
219,"REDMI Note 10 Pro Max (Dark Night, 128 GB)",17899,6 GB RAM | 128 GB ROM | Expandable Upto 512 GB16.94 cm (6.67 inch) Full HD+ Display108MP Rear Camera | 16MP Front Camera5020 mAh BatteryQualcomm Snapdragon 732G Processor1 Year Manufacturer Warranty for Phone and 6 Months Warranty for In the Box Accessories
220,"OPPO F19 Pro+ 5G (Fluid Black, 128 GB)",17990,8 GB RAM | 128 GB ROM | Expandable Upto 256 GB16.33 cm (6.43 inch) Full HD+ Display48MP + 8MP + 2MP + 2MP | 16MP Front Camera4310 mAh Lithium-ion Polymer BatteryMediaTek Dimensity 800U ProcessorBrand Warranty of 1 Year Available for Mobile Including Battery and 6 Months for Accessories
221,"REDMI 10 Prime (Phantom Black, 128 GB)",13499,6 GB RAM | 128 GB ROM | Expandable Upto 512 GB16.51 cm (6.5 inch) Full HD Display50MP + 8MP + 2MP + 2MP | 8MP Front Camera6000 mAh BatteryHelio G88 Processor1 Year Manufacturer Warranty for Handset and 6 Months Warranty for In the Box Accessories
222,"REDMI 10 Prime (Astral White, 128 GB)",13499,6 GB RAM | 128 GB ROM | Expandable Upto 512 GB16.51 cm (6.5 inch) Full HD Display50MP + 8MP + 2MP + 2MP | 8MP Front Camera6000 mAh BatteryHelio G88 Processor1 Year Manufacturer Warranty for Handset and 6 Months Warranty for In the Box Accessories
223,"REDMI Note 11 SE (Without Charger) (Thunder Purple, 64 GB)",13499,6 GB RAM | 64 GB ROM | Expandable Upto 512 GB16.33 cm (6.43 inch) Full HD+ Display64MP + 8MP + 2MP + 2MP | 13MP Front Camera5000 mAh Lithium Polymer BatteryMediatek Helio G95 Octa Core Processor1 Year Manufacturer Warranty for Phone and 6 Months Warranty for In the Box Accessories
224,"vivo Y15s (Wave Green, 32 GB)",9499,3 GB RAM | 32 GB ROM | Expandable Upto 1 TB16.54 cm (6.51 inch) HD+ Display13MP + 2MP | 8MP Front Camera5000 mAh Lithium Battery BatteryMediatek Helio P35 Processor1 Year for Device & 6 Months for In-Box Accessories
225,"vivo Y15s (Mystic Blue, 32 GB)",9499,3 GB RAM | 32 GB ROM | Expandable Upto 1 TB16.54 cm (6.51 inch) HD+ Display13MP + 2MP | 8MP Front Camera5000 mAh Lithium Battery BatteryMediatek Helio P35 Processor1 Year for Device & 6 Months for In-Box Accessories
226,Micromax X378,951,32 MB RAM | 32 MB ROM4.5 cm (1.77 inch) Display1MP Rear Camera800 mAh Battery1 Year Warranty
227,Micromax X378,948,32 MB RAM | 32 MB ROM4.5 cm (1.77 inch) Display1MP Rear Camera800 mAh Battery1 Year Warranty
228,SAMSUNG GURU GT,1550,0 MB ROM3.81 cm (1.5 inch) Display800 mAh Battery1 Year Manufacturer Warranty
229,"MOTOROLA g22 (Iceberg Blue, 64 GB)",10499,4 GB RAM | 64 GB ROM | Expandable Upto 1 TB16.51 cm (6.5 inch) HD+ Display50MP + 8MP + 2MP + 2MP | 16MP Front Camera5000 mAh Lithium Ion BatteryMediatek Helio G37 Processor1 Year on Handset and 6 Months on Accessories
230,"Itel Magic2 4G (WiFi, Hotspot Tethering)",2399,"64 MB RAM | 128 MB ROM | Expandable Upto 64 GB6.1 cm (2.4 inch) QVGA Display1.3MP Rear Camera1900 mAh Lithium ion BatteryUnisoc T117 Processor1 Year Warranty, 100 Days Replacement within 1 Year of Phone Warranty, 6 Months on Accessories and One time Screen Replacement within 365 Days."
231,"vivo Y35 (Agate Black, 128 GB)",18499,8 GB RAM | 128 GB ROM16.71 cm (6.58 inch) Full HD+ Display50MP + 2MP + 2MP | 16MP Front Camera5000 mAh Lithium BatteryQualcomm Snapdragon 680 Processor1 Year of Device & 6 Months for In-Box Accessories
232,SAMSUNG Guru Music 2,2099,NA ROM | Expandable Upto 16 GB5.08 cm (2 inch) QVGA Display0MP Front Camera800 mAh BatteryNA 0 Single Core 208MHz Processor1 Year Manufacturer Warranty
233,SAMSUNG GURU MUSIC 2,2099,8 MB RAM | 0 GB ROM | Expandable Upto 16 GB5.08 cm (2 inch) QVGA Display0MP | 0MP Front Camera800 mAh Battery0 0 0 208MHz Processor1 Year Manufacturer's Warranty
234,SAMSUNG Guru Music 2,2099,0.53 RAM | NA KB ROM | Expandable Upto 16 GB5.08 cm (2 inch) QVGA Display0MP Front Camera800 mAh BatteryNA 0 Single Core 208MHz Processor1 Year Manufacturer Warranty
235,Itel it2163S,996,"4 MB RAM | 4 MB ROM | Expandable Upto 32 GB4.57 cm (1.8 inch) Quarter QVGA Display1200 mAh Lithium Ion Battery7 Days Battery Backup with 1200mAh with Super Battery Mode9 Indian Input Language SupportBT Caller, Kingtalker500 Contacts Memory12+1 Month Warranty on Device with 111 Days Replacement and 6 Months on Accessories Including BatteryAuto Call Recorder, Smart Notifications, Big LED TorchSmart Transfer Messages/ Call Logs/ Phonebook with Other Phone via BTWireless FM Radio with RecordingVibration Mode Support12 + 1 Month Warranty"
236,"Infinix Hot 11 2022 (Sunset Gold, 64 GB)",8999,4 GB RAM | 64 GB ROM | Expandable Upto 1 TB17.02 cm (6.7 inch) Full HD+ Display13 MP + 2 MP Depth Lens | 8MP Front Camera5000 mAh Li-ion Polymer BatteryUniSoc T610 Processor1 Year on Handset and 6 Months on Accessories
237,"REDMI Note 11 SE (Without Charger) (Cosmic White, 64 GB)",13499,6 GB RAM | 64 GB ROM | Expandable Upto 512 GB16.33 cm (6.43 inch) Full HD+ Display64MP + 8MP + 2MP + 2MP | 13MP Front Camera5000 mAh Lithium Polymer BatteryMediatek Helio G95 Octa Core Processor1 Year Manufacturer Warranty for Phone and 6 Months Warranty for In the Box Accessories
238,"Redmi Note 11 (Starburst White, 64 GB)",13595,4 GB RAM | 64 GB ROM16.33 cm (6.43 inch) Display50MP Rear Camera5000 mAh Battery12 months
239,"vivo V25 5G (Surfing Blue, 128 GB)",27999,8 GB RAM | 128 GB ROM16.36 cm (6.44 inch) Full HD+ Display64MP + 8MP + 2MP | 50MP Front Camera4500 mAh Lithium BatteryMediatek Dimensity 900 Processor1 Year of Device & 6 Months for In-Box Accessories
